notification_id,title,notification_type,has_deadline,days_until_deadline,is_graded,estimated_time_hours,requires_submission,title_has_urgent_keyword,has_time_reference,teacher_posted,urgent_label
101,Reminder: Lab 1 due in 11 days,assignment_due,1,11,1,4.0,1,1,0,1,0
102,Your grade for Homework 7 has been posted,grade_posted,0,0,1,0.1,0,0,0,1,0
103,Submit Assignment 9 by midnight,assignment_due,1,3,1,4.5,1,0,1,1,0
104,Reminder: Weekly Quiz 7 due in 5 days,quiz_due,1,5,1,1.4,0,1,0,1,0
105,Office hours reminder,announcement,0,0,0,1.0,0,1,0,0,0
106,Final grades have been uploaded,grade_posted,0,0,1,0.2,0,0,0,1,0
107,Assignment 1 submission closing soon,assignment_due,1,10,1,4.5,0,0,0,0,0
108,Club meeting on Friday,event,0,0,0,0.9,0,0,0,1,0
109,Final grades have been uploaded,grade_posted,0,0,1,0.1,0,0,0,1,0
110,Quiz 4 grade released,grade_posted,0,0,1,0.4,0,0,0,1,0
111,Reminder: Lab 6 due in 6 days,assignment_due,1,6,1,3.9,0,1,0,1,0
112,Guest lecture: AI in Education,event,0,0,0,0.5,0,0,0,0,0
113,Guest lecture: AI in Education,event,0,0,0,0.5,0,0,0,1,0
114,Assignment 3 submission closing soon,assignment_due,1,10,1,2.5,1,0,0,1,0
115,Final grades have been uploaded,grade_posted,0,0,1,0.0,0,0,0,1,0
116,Quiz 5 grade released,grade_posted,0,0,1,0.2,0,0,0,1,0
117,Class cancelled this Friday,announcement,0,0,0,0.8,0,0,0,0,0
118,Important: Quiz 3 due tonight,quiz_due,1,5,1,1.0,1,1,1,1,0
119,Reminder: Lab 2 due in 14 days,assignment_due,1,14,1,1.2,1,1,0,1,0
120,Final Project 2 deadline approaching,assignment_due,1,11,1,1.5,0,0,0,1,0
121,Quiz 3 grade released,grade_posted,0,0,1,0.3,0,0,0,1,0
122,Quiz 4 grade released,grade_posted,0,0,1,0.3,0,0,0,1,0
123,Your grade for Homework 8 has been posted,grade_posted,0,0,1,0.0,0,0,0,1,1
124,Final grades have been uploaded,grade_posted,0,0,1,0.0,0,0,0,1,0
125,Quiz 2 opens tomorrow,quiz_due,1,14,1,3.7,1,0,0,1,0
126,Quiz 10 closing soon,quiz_due,1,9,1,1.4,1,0,0,1,0
127,Important announcement regarding exam,announcement,0,0,0,1.0,0,1,0,0,0
128,Study session this weekend,event,0,0,0,0.4,0,0,1,0,0
129,Take Quiz 2 now,quiz_due,1,7,1,1.1,1,0,0,1,0
130,Quiz 3 closing soon,quiz_due,1,6,1,1.7,1,0,0,0,1
131,Guest lecture: AI in Education,event,0,0,0,0.8,0,0,0,0,0
132,Club meeting on Friday,event,0,0,0,0.5,0,0,0,0,0
133,Final Project 1 deadline approaching,assignment_due,1,9,1,4.8,1,0,0,1,0
134,Quiz 2 opens tomorrow,quiz_due,1,9,1,4.6,1,0,0,1,0
135,Final grades have been uploaded,grade_posted,0,0,1,0.3,0,0,0,1,0
136,Class cancelled this Friday,announcement,0,0,0,0.1,0,0,0,1,0
137,Study session this weekend,event,0,0,1,0.1,0,0,1,0,0
138,Midterm grades are now available,grade_posted,0,0,1,0.4,0,0,0,0,0
139,Class cancelled this Friday,announcement,0,0,0,1.0,0,0,0,1,0
140,Final grades have been uploaded,grade_posted,0,0,1,0.3,0,0,0,1,0
141,Quiz 5 opens tomorrow,quiz_due,1,1,1,1.8,1,0,0,1,1
142,Important announcement regarding exam,announcement,0,0,0,0.6,0,1,0,1,1
143,Office hours reminder,announcement,0,0,0,0.6,0,1,0,0,0
144,Reminder: Weekly Quiz 9 due in 0 days,quiz_due,1,0,1,2.2,1,1,0,1,1
145,Assignment 6 submission closing soon,assignment_due,1,3,1,4.5,1,0,0,1,0
146,Important: Quiz 4 due tonight,quiz_due,1,13,0,1.1,1,1,1,0,0
147,Class cancelled this Friday,announcement,0,0,0,0.9,0,0,0,1,0
148,Quiz 4 closing soon,quiz_due,1,13,1,1.9,1,0,0,0,0
149,Career fair on campus,event,0,0,0,0.6,0,0,0,1,0
150,Your grade for Homework 6 has been posted,grade_posted,0,0,1,0.5,0,0,0,1,0
151,Updated syllabus posted,announcement,0,0,0,0.4,0,0,0,0,0
152,Submit Assignment 7 by midnight,assignment_due,1,14,1,3.1,1,0,1,1,0
153,Quiz 6 opens tomorrow,quiz_due,1,6,0,3.7,0,0,0,1,0
154,Office hours reminder,announcement,0,0,0,0.6,0,1,0,0,0
155,Workshop: Time Management,event,0,0,0,0.3,0,0,0,0,0
156,Quiz 10 grade released,grade_posted,0,0,1,0.2,0,0,0,1,0
157,Study session this weekend,event,0,0,0,0.1,0,0,1,0,0
158,Important: Quiz 5 due tonight,quiz_due,1,3,1,3.4,1,1,1,0,1
159,Workshop: Time Management,event,0,0,0,0.2,0,0,0,0,0
160,Final Project 2 deadline approaching,assignment_due,1,12,1,2.9,1,0,0,1,0
161,Final Project 8 deadline approaching,assignment_due,1,2,1,4.8,0,0,0,1,0
162,Feedback available for Assignment 9,grade_posted,0,0,1,0.3,0,0,0,1,0
163,Career fair on campus,event,0,0,0,0.8,0,0,0,1,0
164,Quiz 5 opens tomorrow,quiz_due,1,7,1,4.6,1,0,0,1,0
165,Important: Quiz 4 due tonight,quiz_due,1,6,1,3.2,1,1,1,1,0
166,Take Quiz 7 now,quiz_due,1,6,0,3.3,1,0,0,0,0
167,Important announcement regarding exam,announcement,0,0,0,0.7,0,1,0,0,0
168,Feedback available for Assignment 4,grade_posted,0,0,1,0.2,0,0,0,1,1
169,Class cancelled this Friday,announcement,0,0,0,0.5,0,0,0,0,0
170,Your grade for Homework 10 has been posted,grade_posted,0,0,1,0.2,0,0,0,1,0
171,Quiz 1 closing soon,quiz_due,1,4,1,4.5,1,0,0,1,0
172,Study session this weekend,event,0,0,0,1.0,0,0,1,1,0
173,Homework 1 due tonight,assignment_due,1,12,0,1.6,1,1,1,1,0
174,Final Project 10 deadline approaching,assignment_due,1,3,1,3.4,1,0,0,1,0
175,Homework 3 due tonight,assignment_due,1,4,1,4.6,0,1,1,1,0
176,Important: Quiz 2 due tonight,quiz_due,1,9,1,3.4,1,1,1,0,0
177,Quiz 1 grade released,grade_posted,0,0,1,0.3,0,0,0,1,1
178,Important announcement regarding exam,announcement,0,0,0,0.6,0,1,0,0,0
179,Take Quiz 7 now,quiz_due,1,2,0,3.2,1,0,0,0,1
180,Career fair on campus,event,0,0,0,0.3,0,0,0,0,0
181,Workshop: Time Management,event,0,0,0,0.3,0,0,0,0,0
182,Office hours reminder,announcement,0,0,0,0.6,0,1,0,0,0
183,Quiz 2 closing soon,quiz_due,1,3,1,3.6,1,0,0,1,0
184,Assignment 2 submission closing soon,assignment_due,1,4,1,2.5,1,0,0,1,0
185,New reading material available,announcement,0,0,0,0.3,0,0,0,1,0
186,Take Quiz 6 now,quiz_due,1,1,0,4.0,1,0,0,1,1
187,Final grades have been uploaded,grade_posted,0,0,1,0.1,0,0,0,1,0
188,Reminder: Weekly Quiz 6 due in 2 days,quiz_due,1,2,1,4.9,1,1,0,1,1
189,Quiz 8 opens tomorrow,quiz_due,1,1,1,1.7,1,0,0,1,0
190,Study session this weekend,event,0,0,0,0.1,1,0,1,0,0
191,Your grade for Homework 5 has been posted,grade_posted,0,0,1,0.1,0,0,0,0,0
192,Final grades have been uploaded,grade_posted,0,0,1,0.3,0,0,0,1,0
193,Workshop: Time Management,event,0,0,0,0.6,0,0,0,0,0
194,Quiz 4 opens tomorrow,quiz_due,1,4,1,1.0,1,0,0,1,0
195,Quiz 8 grade released,grade_posted,0,0,1,0.1,0,0,0,1,0
196,Club meeting on Friday,event,0,0,0,0.7,0,0,0,0,0
197,Workshop: Time Management,event,0,0,0,0.1,0,0,0,1,1
198,New reading material available,announcement,0,0,0,0.3,0,0,0,0,0
199,New reading material available,announcement,0,0,0,0.4,1,0,0,1,0
200,Updated syllabus posted,announcement,0,0,0,0.6,0,0,0,0,1
201,Updated syllabus posted,announcement,0,0,0,0.4,0,0,0,0,0
202,Feedback available for Assignment 7,grade_posted,0,0,1,0.2,0,0,0,0,0
203,Class cancelled this Friday,announcement,0,0,0,0.9,0,0,0,1,0
204,Feedback available for Assignment 1,grade_posted,0,0,1,0.1,0,0,0,1,0
205,Study session this weekend,event,0,0,0,0.2,0,0,1,0,0
206,Study session this weekend,event,0,0,0,0.4,0,0,1,0,0
207,Submit Assignment 1 by midnight,assignment_due,1,10,1,1.1,1,0,1,1,0
208,Quiz 2 opens tomorrow,quiz_due,1,7,1,2.2,1,0,0,0,0
209,Guest lecture: AI in Education,event,0,0,0,0.9,0,0,0,1,0
210,Quiz 2 closing soon,quiz_due,1,4,1,1.0,1,0,0,1,0
211,Feedback available for Assignment 10,grade_posted,0,0,1,0.2,0,0,0,1,0
212,New reading material available,announcement,0,0,0,1.0,0,0,0,0,0
213,Guest lecture: AI in Education,event,0,0,1,0.8,0,0,0,0,0
214,Important: Quiz 8 due tonight,quiz_due,1,0,1,4.5,1,1,1,0,1
215,Your grade for Homework 8 has been posted,grade_posted,0,0,1,0.2,0,0,0,1,0
216,Reminder: Weekly Quiz 2 due in 7 days,quiz_due,1,7,1,4.4,1,1,0,1,0
217,Quiz 7 grade released,grade_posted,0,0,1,0.4,0,0,0,1,0
218,Final grades have been uploaded,grade_posted,0,0,1,0.3,0,0,0,1,0
219,Quiz 2 opens tomorrow,quiz_due,1,6,1,1.7,1,0,0,1,0
220,Homework 1 due tonight,assignment_due,1,5,1,3.1,1,1,1,1,0
221,Quiz 3 opens tomorrow,quiz_due,1,2,1,3.0,1,0,0,1,1
222,Reminder: Weekly Quiz 8 due in 10 days,quiz_due,1,10,1,2.9,1,1,0,0,0
223,Your grade for Homework 3 has been posted,grade_posted,0,0,1,0.2,0,0,0,1,0
224,Guest lecture: AI in Education,event,0,0,0,0.5,0,0,0,1,0
225,Final grades have been uploaded,grade_posted,0,0,1,0.3,0,0,0,1,1
226,Study session this weekend,event,0,0,0,0.0,0,0,1,0,0
227,Club meeting on Friday,event,0,0,0,0.6,0,0,0,0,0
228,Quiz 2 opens tomorrow,quiz_due,1,14,1,3.9,1,0,0,1,0
229,Important announcement regarding exam,announcement,0,0,0,1.0,0,1,0,0,0
230,Office hours reminder,announcement,0,0,0,0.3,0,1,0,0,0
231,Assignment 8 submission closing soon,assignment_due,1,1,1,3.7,1,0,0,1,1
232,Your grade for Homework 6 has been posted,grade_posted,0,0,1,0.0,0,0,0,1,0
233,Career fair on campus,event,0,0,0,0.1,0,0,0,0,0
234,Submit Assignment 10 by midnight,assignment_due,1,14,1,3.5,1,0,1,1,0
235,Updated syllabus posted,announcement,0,0,0,0.5,0,0,0,1,0
236,Feedback available for Assignment 3,grade_posted,0,0,1,0.3,0,0,0,1,0
237,Final grades have been uploaded,grade_posted,0,0,1,0.1,0,0,0,1,0
238,Final Project 8 deadline approaching,assignment_due,1,9,0,1.9,1,0,0,1,0
239,Reminder: Weekly Quiz 6 due in 1 days,quiz_due,1,1,1,2.6,0,1,0,1,1
240,Assignment 8 submission closing soon,assignment_due,1,1,1,4.1,1,0,0,1,1
241,Quiz 10 opens tomorrow,quiz_due,1,3,1,4.3,1,0,0,1,0
242,Reminder: Weekly Quiz 10 due in 0 days,quiz_due,1,0,1,2.0,1,1,0,1,1
243,Reminder: Lab 3 due in 0 days,assignment_due,1,0,1,1.7,1,1,0,1,0
244,Study session this weekend,event,0,0,0,0.5,0,0,1,0,0
245,Final grades have been uploaded,grade_posted,0,0,1,0.4,0,0,0,1,0
246,Feedback available for Assignment 5,grade_posted,0,0,1,0.0,0,0,0,1,0
247,Study session this weekend,event,0,0,0,0.1,0,0,1,1,0
248,Submit Assignment 3 by midnight,assignment_due,1,4,1,5.0,1,0,1,1,0
249,Workshop: Time Management,event,0,0,0,0.7,0,0,0,1,0
250,Feedback available for Assignment 4,grade_posted,0,0,1,0.1,0,0,0,1,0
251,Guest lecture: AI in Education,event,0,0,0,0.3,0,0,0,1,0
252,Study session this weekend,event,0,0,0,0.7,1,0,1,1,0
253,Final grades have been uploaded,grade_posted,0,0,1,0.3,0,0,0,0,0
254,Guest lecture: AI in Education,event,0,0,0,0.6,0,0,0,0,0
255,Midterm grades are now available,grade_posted,0,0,1,0.2,0,0,0,1,0
256,Office hours reminder,announcement,0,0,0,0.4,0,1,0,1,0
257,Final grades have been uploaded,grade_posted,0,0,1,0.5,0,0,0,1,0
258,Class cancelled this Friday,announcement,0,0,0,0.4,0,0,0,0,0
259,Quiz 10 closing soon,quiz_due,1,10,1,1.4,1,0,0,0,0
260,Guest lecture: AI in Education,event,0,0,0,0.8,0,0,0,0,0
261,Assignment 1 submission closing soon,assignment_due,1,2,1,2.8,1,0,0,1,1
262,Feedback available for Assignment 8,grade_posted,0,0,1,0.4,0,0,0,1,0
263,Career fair on campus,event,0,0,0,0.3,0,0,0,0,0
264,Your grade for Homework 1 has been posted,grade_posted,0,0,1,0.5,0,0,0,1,0
265,Office hours reminder,announcement,0,0,0,0.1,0,1,0,0,0
266,Reminder: Weekly Quiz 9 due in 8 days,quiz_due,1,8,1,1.1,1,1,0,1,0
267,Important announcement regarding exam,announcement,0,0,0,0.1,0,1,0,0,1
268,New reading material available,announcement,0,0,0,0.4,0,0,0,1,0
269,Guest lecture: AI in Education,event,0,0,0,0.3,0,0,0,1,0
270,Quiz 2 opens tomorrow,quiz_due,1,8,1,2.4,1,0,0,1,0
271,Important: Quiz 4 due tonight,quiz_due,1,1,1,4.0,1,1,1,1,0
272,Workshop: Time Management,event,0,0,0,0.6,0,0,0,0,0
273,Quiz 6 grade released,grade_posted,0,0,1,0.0,0,0,0,1,0
274,New reading material available,announcement,0,0,1,0.5,0,0,0,1,1
275,Updated syllabus posted,announcement,0,0,0,0.6,0,0,0,0,0
276,Submit Assignment 8 by midnight,assignment_due,1,14,1,1.6,1,0,1,1,1
277,Homework 6 due tonight,assignment_due,1,11,1,2.8,1,1,1,1,0
278,Midterm grades are now available,grade_posted,0,0,1,0.5,0,0,0,1,0
279,Updated syllabus posted,announcement,0,0,0,0.1,0,0,0,1,0
280,New reading material available,announcement,0,0,0,0.1,0,0,0,0,0
281,Workshop: Time Management,event,0,0,0,0.6,1,0,0,0,0
282,Quiz 9 closing soon,quiz_due,1,1,1,4.8,1,0,0,1,1
283,Club meeting on Friday,event,0,0,0,0.8,0,0,0,1,0
284,Your grade for Homework 9 has been posted,grade_posted,0,0,1,0.4,0,0,0,1,0
285,Midterm grades are now available,grade_posted,0,0,1,0.4,0,0,0,1,0
286,Quiz 8 closing soon,quiz_due,1,0,1,3.4,1,0,0,0,1
287,Workshop: Time Management,event,0,0,0,0.9,0,0,0,0,0
288,Feedback available for Assignment 8,grade_posted,0,0,1,0.4,0,0,0,1,0
289,Club meeting on Friday,event,0,0,0,0.6,0,0,0,1,0
290,Final grades have been uploaded,grade_posted,0,0,1,0.1,0,0,0,1,0
291,New reading material available,announcement,0,0,0,0.2,0,0,0,0,0
292,Important announcement regarding exam,announcement,0,0,1,1.0,0,1,0,1,0
293,Assignment 6 submission closing soon,assignment_due,1,12,1,3.8,1,0,0,0,0
294,Workshop: Time Management,event,0,0,1,0.8,1,0,0,1,0
295,Feedback available for Assignment 9,grade_posted,0,0,1,0.1,0,0,0,1,0
296,Submit Assignment 4 by midnight,assignment_due,1,6,1,3.4,1,0,1,0,1
297,Midterm grades are now available,grade_posted,0,0,1,0.1,0,0,0,1,1
298,New reading material available,announcement,0,0,0,1.0,0,0,0,1,1
299,Final grades have been uploaded,grade_posted,0,0,1,0.3,0,0,0,1,1
300,Guest lecture: AI in Education,event,0,0,0,0.8,0,0,0,1,0
301,Reminder: Lab 10 due in 11 days,assignment_due,1,11,1,3.6,1,1,0,1,0
302,Club meeting on Friday,event,0,0,0,0.5,1,0,0,0,0
303,Homework 4 due tonight,assignment_due,1,14,1,4.3,1,1,1,1,0
304,Reminder: Lab 4 due in 4 days,assignment_due,1,4,1,2.1,1,1,0,1,0
305,Guest lecture: AI in Education,event,0,0,0,0.5,0,0,0,0,0
306,Your grade for Homework 5 has been posted,grade_posted,0,0,1,0.0,0,0,0,1,0
307,Reminder: Weekly Quiz 9 due in 4 days,quiz_due,1,4,1,2.8,1,1,0,1,0
308,Quiz 8 closing soon,quiz_due,1,5,1,5.0,1,0,0,1,0
309,Final Project 2 deadline approaching,assignment_due,1,10,1,4.8,1,0,0,1,0
310,Your grade for Homework 8 has been posted,grade_posted,0,0,1,0.1,0,0,0,1,0
311,New reading material available,announcement,0,0,1,0.4,0,0,0,0,0
312,Submit Assignment 10 by midnight,assignment_due,1,2,1,4.8,1,0,1,1,0
313,Quiz 8 closing soon,quiz_due,1,8,0,3.8,1,0,0,1,0
314,Feedback available for Assignment 5,grade_posted,0,0,1,0.1,0,0,0,1,1
315,Reminder: Weekly Quiz 8 due in 1 days,quiz_due,1,1,1,2.2,1,1,0,1,1
316,Reminder: Weekly Quiz 3 due in 12 days,quiz_due,1,12,1,1.6,1,1,0,1,0
317,Submit Assignment 6 by midnight,assignment_due,1,8,1,3.4,1,0,1,1,0
318,Important announcement regarding exam,announcement,0,0,0,0.1,0,1,0,0,0
319,Submit Assignment 8 by midnight,assignment_due,1,7,1,3.6,1,0,1,1,0
320,Quiz 7 opens tomorrow,quiz_due,1,8,1,1.6,1,0,0,1,0
321,Reminder: Weekly Quiz 6 due in 8 days,quiz_due,1,8,1,3.2,1,1,0,1,0
322,New reading material available,announcement,0,0,1,0.6,0,0,0,0,0
323,Quiz 10 grade released,grade_posted,0,0,1,0.3,0,0,0,1,0
324,Submit Assignment 2 by midnight,assignment_due,1,0,1,3.5,1,0,1,1,0
325,Quiz 5 grade released,grade_posted,0,0,1,0.4,0,0,0,1,0
326,Updated syllabus posted,announcement,0,0,0,0.5,0,0,0,0,0
327,Reminder: Weekly Quiz 6 due in 13 days,quiz_due,1,13,1,1.5,1,1,0,0,0
328,Quiz 2 grade released,grade_posted,0,0,1,0.1,0,0,0,1,0
329,Reminder: Weekly Quiz 2 due in 0 days,quiz_due,1,0,0,4.9,1,1,0,1,1
330,Office hours reminder,announcement,0,0,0,0.5,0,1,0,0,0
331,Study session this weekend,event,0,0,0,0.2,0,0,1,0,0
332,Submit Assignment 5 by midnight,assignment_due,1,7,1,3.1,1,0,1,1,0
333,Career fair on campus,event,0,0,0,0.4,0,0,0,1,0
334,Reminder: Weekly Quiz 6 due in 8 days,quiz_due,1,8,1,2.1,1,1,0,1,0
335,Midterm grades are now available,grade_posted,0,0,1,0.2,0,0,0,0,0
336,Office hours reminder,announcement,0,0,0,0.5,0,1,0,0,1
337,Quiz 6 closing soon,quiz_due,1,12,1,1.6,1,0,0,0,0
338,Important announcement regarding exam,announcement,0,0,0,0.3,0,1,0,1,0
339,Feedback available for Assignment 5,grade_posted,0,0,1,0.2,0,0,0,1,0
340,Career fair on campus,event,0,0,0,0.0,0,0,0,0,0
341,Midterm grades are now available,grade_posted,0,0,1,0.3,0,0,0,1,0
342,Midterm grades are now available,grade_posted,0,0,1,0.1,0,0,0,1,0
343,Final Project 4 deadline approaching,assignment_due,1,0,1,2.6,1,0,0,1,1
344,Club meeting on Friday,event,0,0,0,0.5,0,0,0,0,0
345,Take Quiz 8 now,quiz_due,1,14,1,3.9,1,0,0,1,0
346,Important announcement regarding exam,announcement,0,0,0,0.2,0,1,0,0,0
347,Class cancelled this Friday,announcement,0,0,0,0.6,0,0,0,0,0
348,Updated syllabus posted,announcement,0,0,0,0.4,0,0,0,0,0
349,Reminder: Weekly Quiz 5 due in 0 days,quiz_due,1,0,0,3.6,1,1,0,0,1
350,Take Quiz 4 now,quiz_due,1,13,1,1.4,1,0,0,1,0
351,Take Quiz 4 now,quiz_due,1,0,1,2.3,1,0,0,1,1
352,Important: Quiz 1 due tonight,quiz_due,1,8,1,2.9,0,1,1,0,0
353,Office hours reminder,announcement,0,0,0,0.6,0,1,0,1,0
354,Assignment 3 submission closing soon,assignment_due,1,6,0,4.2,1,0,0,0,0
355,Updated syllabus posted,announcement,0,0,0,0.3,0,0,0,0,0
356,Feedback available for Assignment 9,grade_posted,0,0,1,0.1,0,0,0,1,0
357,Updated syllabus posted,announcement,0,0,0,0.7,0,0,0,0,1
358,New reading material available,announcement,0,0,0,0.6,0,0,0,0,0
359,Career fair on campus,event,0,0,1,0.1,0,0,0,1,0
360,Quiz 1 closing soon,quiz_due,1,4,1,2.2,1,0,0,0,0
361,Reminder: Lab 5 due in 10 days,assignment_due,1,10,1,2.2,1,1,0,1,0
362,Your grade for Homework 5 has been posted,grade_posted,0,0,1,0.5,0,0,0,1,0
363,Quiz 4 closing soon,quiz_due,1,2,1,2.7,1,0,0,1,1
364,Club meeting on Friday,event,0,0,0,0.8,0,0,0,0,0
365,Your grade for Homework 6 has been posted,grade_posted,0,0,1,0.1,0,0,0,0,0
366,Final grades have been uploaded,grade_posted,0,0,1,0.1,0,0,0,1,0
367,Club meeting on Friday,event,0,0,0,0.4,0,0,0,0,1
368,Quiz 9 closing soon,quiz_due,1,6,1,2.2,1,0,0,1,1
369,Class cancelled this Friday,announcement,0,0,0,0.1,1,0,0,1,0
370,Reminder: Lab 8 due in 0 days,assignment_due,1,0,1,4.9,1,1,0,1,1
371,Guest lecture: AI in Education,event,0,0,0,0.1,0,0,0,1,0
372,Quiz 3 grade released,grade_posted,0,0,1,0.5,0,0,0,1,0
373,Quiz 4 opens tomorrow,quiz_due,1,13,1,3.9,0,0,0,1,0
374,Club meeting on Friday,event,0,0,0,0.9,0,0,0,1,0
375,Homework 7 due tonight,assignment_due,1,9,1,2.8,1,1,1,1,0
376,Homework 4 due tonight,assignment_due,1,11,1,4.5,1,1,1,1,1
377,Midterm grades are now available,grade_posted,0,0,1,0.4,0,0,0,1,0
378,Midterm grades are now available,grade_posted,0,0,1,0.1,0,0,0,1,0
379,Reminder: Weekly Quiz 7 due in 4 days,quiz_due,1,4,1,4.6,0,1,0,0,0
380,Guest lecture: AI in Education,event,0,0,1,0.4,0,0,0,0,0
381,Club meeting on Friday,event,0,0,0,0.2,0,0,0,0,0
382,Quiz 8 opens tomorrow,quiz_due,1,14,1,1.5,0,0,0,1,0
383,Quiz 6 opens tomorrow,quiz_due,1,10,0,3.9,1,0,0,1,0
384,New reading material available,announcement,0,0,0,0.8,0,0,0,1,0
385,Feedback available for Assignment 4,grade_posted,0,0,1,0.5,0,0,0,1,0
386,Assignment 4 submission closing soon,assignment_due,1,14,0,2.9,1,0,0,0,0
387,Feedback available for Assignment 4,grade_posted,0,0,1,0.3,0,0,0,0,0
388,Workshop: Time Management,event,0,0,0,0.9,0,0,0,1,0
389,Club meeting on Friday,event,0,0,0,0.2,0,0,0,0,0
390,New reading material available,announcement,0,0,0,0.3,0,0,0,1,0
391,Reminder: Weekly Quiz 8 due in 8 days,quiz_due,1,8,1,3.6,1,1,0,0,0
392,Important: Quiz 6 due tonight,quiz_due,1,2,1,3.2,1,1,1,0,1
393,Homework 9 due tonight,assignment_due,1,0,0,2.6,1,1,1,1,1
394,Important: Quiz 2 due tonight,quiz_due,1,11,1,3.5,1,1,1,1,0
395,Feedback available for Assignment 8,grade_posted,0,0,1,0.3,0,0,0,1,0
396,Reminder: Lab 9 due in 11 days,assignment_due,1,11,1,3.8,1,1,0,1,0
397,Quiz 2 opens tomorrow,quiz_due,1,14,1,2.0,1,0,0,1,0
398,Career fair on campus,event,0,0,0,0.7,0,0,0,1,0
399,Final Project 1 deadline approaching,assignment_due,1,1,1,1.0,1,0,0,1,1
400,Career fair on campus,event,0,0,0,0.5,0,0,0,1,1
401,Reminder: Weekly Quiz 10 due in 7 days,quiz_due,1,7,1,4.6,1,1,0,0,0
402,Reminder: Lab 3 due in 14 days,assignment_due,1,14,1,4.3,1,1,0,1,0
403,Submit Assignment 5 by midnight,assignment_due,1,2,1,4.6,1,0,1,1,1
404,Reminder: Weekly Quiz 2 due in 8 days,quiz_due,1,8,1,2.4,1,1,0,0,0
405,Quiz 7 grade released,grade_posted,0,0,1,0.1,0,0,0,1,0
406,Career fair on campus,event,0,0,0,0.6,0,0,0,1,0
407,Midterm grades are now available,grade_posted,0,0,1,0.0,0,0,0,1,0
408,Reminder: Weekly Quiz 7 due in 5 days,quiz_due,1,5,1,2.4,1,1,0,1,0
409,Quiz 2 closing soon,quiz_due,1,2,1,1.1,1,0,0,1,1
410,Reminder: Lab 10 due in 9 days,assignment_due,1,9,1,4.1,1,1,0,1,0
411,Final grades have been uploaded,grade_posted,0,0,1,0.3,0,0,0,1,0
412,Office hours reminder,announcement,0,0,0,0.4,1,1,0,0,0
413,Assignment 6 submission closing soon,assignment_due,1,4,1,2.8,1,0,0,1,0
414,Submit Assignment 7 by midnight,assignment_due,1,5,1,2.7,1,0,1,1,0
415,Quiz 3 grade released,grade_posted,0,0,1,0.5,0,0,0,1,0
416,Important announcement regarding exam,announcement,0,0,0,0.5,0,1,0,0,0
417,Reminder: Weekly Quiz 6 due in 6 days,quiz_due,1,6,1,3.3,1,1,0,1,0
418,Final grades have been uploaded,grade_posted,0,0,1,0.4,0,0,0,1,0
419,Reminder: Weekly Quiz 8 due in 12 days,quiz_due,1,12,1,4.2,1,1,0,0,0
420,Reminder: Weekly Quiz 5 due in 3 days,quiz_due,1,3,1,1.3,1,1,0,1,1
421,Guest lecture: AI in Education,event,0,0,0,0.4,0,0,0,0,1
422,New reading material available,announcement,0,0,0,0.7,1,0,0,0,0
423,Final grades have been uploaded,grade_posted,0,0,1,0.3,0,0,0,0,0
424,Updated syllabus posted,announcement,0,0,1,0.5,0,0,0,0,0
425,Feedback available for Assignment 4,grade_posted,0,0,1,0.2,0,0,0,1,0
426,Quiz 3 grade released,grade_posted,0,0,1,0.2,0,0,0,0,0
427,Assignment 2 submission closing soon,assignment_due,1,13,1,3.1,1,0,0,1,0
428,Final Project 8 deadline approaching,assignment_due,1,11,1,1.5,1,0,0,0,0
429,Assignment 3 submission closing soon,assignment_due,1,14,1,2.7,1,0,0,1,0
430,Club meeting on Friday,event,0,0,0,0.6,0,0,0,1,0
431,Feedback available for Assignment 7,grade_posted,0,0,1,0.1,0,0,0,1,0
432,Submit Assignment 10 by midnight,assignment_due,1,1,1,2.0,1,0,1,1,1
433,Final grades have been uploaded,grade_posted,0,0,1,0.2,0,0,0,1,0
434,New reading material available,announcement,0,0,0,0.9,0,0,0,0,0
435,Important: Quiz 6 due tonight,quiz_due,1,1,1,3.0,1,1,1,1,1
436,Quiz 10 closing soon,quiz_due,1,6,1,3.6,1,0,0,1,0
437,Feedback available for Assignment 3,grade_posted,0,0,1,0.1,0,0,0,1,0
438,Quiz 1 grade released,grade_posted,0,0,1,0.2,0,0,0,0,0
439,Workshop: Time Management,event,0,0,0,0.7,0,0,0,0,0
440,Quiz 2 opens tomorrow,quiz_due,1,9,1,1.9,1,0,0,1,0
441,Guest lecture: AI in Education,event,0,0,0,0.8,0,0,0,1,0
442,Updated syllabus posted,announcement,0,0,0,0.4,0,0,0,1,0
443,Quiz 5 opens tomorrow,quiz_due,1,13,1,2.8,1,0,0,0,0
444,Take Quiz 4 now,quiz_due,1,12,1,2.7,1,0,0,1,0
445,Quiz 4 opens tomorrow,quiz_due,1,12,1,1.7,1,0,0,1,0
446,New reading material available,announcement,0,0,0,0.7,0,0,0,0,0
447,Career fair on campus,event,0,0,0,0.2,0,0,0,0,0
448,Important: Quiz 7 due tonight,quiz_due,1,7,1,2.8,1,1,1,1,0
449,Reminder: Lab 7 due in 8 days,assignment_due,1,8,1,3.0,1,1,0,1,0
450,Reminder: Lab 8 due in 10 days,assignment_due,1,10,1,4.9,1,1,0,1,0
451,Career fair on campus,event,0,0,0,0.6,0,0,0,0,0
452,Updated syllabus posted,announcement,0,0,1,0.1,0,0,0,0,0
453,Study session this weekend,event,0,0,0,0.9,0,0,1,0,0
454,Office hours reminder,announcement,0,0,1,0.7,0,1,0,1,1
455,Important announcement regarding exam,announcement,0,0,0,0.5,0,1,0,1,1
456,Study session this weekend,event,0,0,0,0.4,0,0,1,0,0
457,Homework 4 due tonight,assignment_due,1,6,1,4.5,1,1,1,1,0
458,Take Quiz 3 now,quiz_due,1,1,1,2.4,1,0,0,1,1
459,Quiz 7 closing soon,quiz_due,1,9,1,4.0,1,0,0,1,0
460,Guest lecture: AI in Education,event,0,0,0,0.1,0,0,0,1,0
461,Quiz 10 grade released,grade_posted,0,0,1,0.3,0,0,0,1,0
462,New reading material available,announcement,0,0,0,0.6,0,0,0,1,0
463,Quiz 8 opens tomorrow,quiz_due,1,6,1,4.6,1,0,0,1,1
464,Class cancelled this Friday,announcement,0,0,0,0.5,0,0,0,0,0
465,Study session this weekend,event,0,0,0,0.9,1,0,1,1,0
466,Career fair on campus,event,0,0,0,0.7,0,0,0,0,0
467,Final grades have been uploaded,grade_posted,0,0,1,0.0,0,0,0,1,1
468,Reminder: Weekly Quiz 3 due in 8 days,quiz_due,1,8,1,3.7,1,1,0,0,1
469,Study session this weekend,event,0,0,0,0.6,0,0,1,1,1
470,Important: Quiz 2 due tonight,quiz_due,1,0,1,3.1,1,1,1,0,1
471,Office hours reminder,announcement,0,0,0,0.9,0,1,0,1,1
472,Workshop: Time Management,event,0,0,1,0.1,0,0,0,0,0
473,Important announcement regarding exam,announcement,0,0,0,0.8,0,1,0,1,0
474,Submit Assignment 4 by midnight,assignment_due,1,11,1,1.2,1,0,1,1,0
475,Quiz 3 opens tomorrow,quiz_due,1,14,1,2.7,0,0,0,1,0
476,Career fair on campus,event,0,0,0,0.7,0,0,0,1,1
477,Quiz 9 closing soon,quiz_due,1,0,1,4.4,1,0,0,1,1
478,Your grade for Homework 8 has been posted,grade_posted,0,0,1,0.1,0,0,0,1,0
479,Feedback available for Assignment 4,grade_posted,0,0,1,0.5,0,0,0,1,0
480,Important: Quiz 9 due tonight,quiz_due,1,12,1,3.2,0,1,1,1,0
481,Final Project 6 deadline approaching,assignment_due,1,0,1,3.1,1,0,0,1,1
482,Club meeting on Friday,event,0,0,0,0.9,1,0,0,0,0
483,Updated syllabus posted,announcement,0,0,0,0.4,0,0,0,0,0
484,Assignment 7 submission closing soon,assignment_due,1,10,1,4.2,1,0,0,1,0
485,Important announcement regarding exam,announcement,0,0,0,0.8,1,1,0,1,0
486,Reminder: Weekly Quiz 8 due in 7 days,quiz_due,1,7,1,1.8,1,1,0,0,0
487,Updated syllabus posted,announcement,0,0,0,0.7,0,0,0,0,1
488,Updated syllabus posted,announcement,0,0,0,0.0,0,0,0,1,0
489,Quiz 1 closing soon,quiz_due,1,6,1,1.4,1,0,0,1,0
490,Assignment 1 submission closing soon,assignment_due,1,0,1,3.5,1,0,0,1,1
491,Quiz 10 grade released,grade_posted,0,0,1,0.0,0,0,0,0,0
492,Important: Quiz 8 due tonight,quiz_due,1,12,1,1.5,1,1,1,0,0
493,Submit Assignment 3 by midnight,assignment_due,1,14,1,2.5,1,0,1,1,0
494,Class cancelled this Friday,announcement,0,0,0,0.6,0,0,0,1,0
495,Important announcement regarding exam,announcement,0,0,0,0.4,0,1,0,1,0
496,Final grades have been uploaded,grade_posted,0,0,1,0.5,0,0,0,1,0
497,New reading material available,announcement,0,0,0,0.3,0,0,0,0,0
498,Assignment 6 submission closing soon,assignment_due,1,9,1,4.2,1,0,0,1,0
499,Class cancelled this Friday,announcement,0,0,0,0.3,0,0,0,0,0
500,Final Project 4 deadline approaching,assignment_due,1,9,1,1.7,1,0,0,0,0
501,Updated syllabus posted,announcement,0,0,0,0.1,0,0,0,0,0
502,Career fair on campus,event,0,0,0,0.6,1,0,0,1,1
503,Career fair on campus,event,0,0,0,0.7,0,0,0,1,0
504,Updated syllabus posted,announcement,0,0,0,0.1,0,0,0,1,0
505,Office hours reminder,announcement,0,0,0,0.3,0,1,0,0,0
506,Quiz 7 closing soon,quiz_due,1,12,1,3.8,1,0,0,0,0
507,New reading material available,announcement,0,0,0,0.3,0,0,0,0,0
508,Submit Assignment 10 by midnight,assignment_due,1,6,1,4.9,1,0,1,0,0
509,Feedback available for Assignment 2,grade_posted,0,0,1,0.4,0,0,0,1,0
510,Updated syllabus posted,announcement,0,0,0,0.3,0,0,0,0,1
511,Quiz 4 opens tomorrow,quiz_due,1,11,1,1.2,1,0,0,1,0
512,Guest lecture: AI in Education,event,0,0,0,0.1,0,0,0,0,0
513,Midterm grades are now available,grade_posted,0,0,1,0.4,0,0,0,1,1
514,Homework 6 due tonight,assignment_due,1,4,1,3.9,1,1,1,1,0
515,Submit Assignment 6 by midnight,assignment_due,1,9,1,3.6,1,0,1,1,0
516,Study session this weekend,event,0,0,0,0.7,0,0,1,1,0
517,Quiz 5 grade released,grade_posted,0,0,1,0.0,0,0,0,1,0
518,Midterm grades are now available,grade_posted,0,0,1,0.0,0,0,0,1,0
519,Midterm grades are now available,grade_posted,0,0,1,0.1,0,0,0,1,0
520,Homework 8 due tonight,assignment_due,1,13,1,3.6,1,1,1,1,0
521,Midterm grades are now available,grade_posted,0,0,1,0.2,0,0,0,1,0
522,Final Project 5 deadline approaching,assignment_due,1,7,1,1.6,1,0,0,1,0
523,Reminder: Lab 2 due in 10 days,assignment_due,1,10,1,1.9,1,1,0,1,1
524,Guest lecture: AI in Education,event,0,0,0,0.6,0,0,0,0,0
525,Important announcement regarding exam,announcement,0,0,0,0.9,0,1,0,0,0
526,Your grade for Homework 3 has been posted,grade_posted,0,0,1,0.2,0,0,0,0,0
527,Important: Quiz 4 due tonight,quiz_due,1,12,1,2.7,1,1,1,0,0
528,Reminder: Weekly Quiz 10 due in 4 days,quiz_due,1,4,0,2.6,0,1,0,1,0
529,New reading material available,announcement,0,0,0,0.6,0,0,0,0,0
530,Guest lecture: AI in Education,event,0,0,0,1.0,0,0,0,0,0
531,Homework 10 due tonight,assignment_due,1,12,1,4.5,1,1,1,0,0
532,Workshop: Time Management,event,0,0,0,0.6,0,0,0,0,0
533,Guest lecture: AI in Education,event,0,0,0,0.7,0,0,0,1,0
534,Office hours reminder,announcement,0,0,0,0.5,0,1,0,1,0
535,Quiz 3 closing soon,quiz_due,1,4,1,3.4,1,0,0,1,0
536,Guest lecture: AI in Education,event,0,0,0,0.8,0,0,0,0,0
537,Take Quiz 2 now,quiz_due,1,4,1,3.3,1,0,0,1,0
538,Quiz 1 opens tomorrow,quiz_due,1,3,1,2.1,0,0,0,1,0
539,Your grade for Homework 7 has been posted,grade_posted,0,0,1,0.1,0,0,0,1,0
540,Guest lecture: AI in Education,event,0,0,0,0.9,0,0,0,1,0
541,Final Project 5 deadline approaching,assignment_due,1,0,1,1.9,1,0,0,1,1
542,Quiz 4 closing soon,quiz_due,1,4,1,3.7,1,0,0,0,0
543,Quiz 3 opens tomorrow,quiz_due,1,9,1,3.9,1,0,0,0,0
544,Important announcement regarding exam,announcement,0,0,0,0.3,0,1,0,1,0
545,Your grade for Homework 2 has been posted,grade_posted,0,0,1,0.3,0,0,0,1,0
546,New reading material available,announcement,0,0,0,0.1,0,0,0,1,0
547,Office hours reminder,announcement,0,0,0,0.2,0,1,0,0,0
548,Take Quiz 1 now,quiz_due,1,12,1,1.1,1,0,0,1,0
549,Important announcement regarding exam,announcement,0,0,0,1.0,0,1,0,0,0
550,New reading material available,announcement,0,0,0,0.4,0,0,0,0,0
551,Reminder: Weekly Quiz 9 due in 2 days,quiz_due,1,2,1,4.2,1,1,0,1,1
552,Quiz 6 opens tomorrow,quiz_due,1,10,1,2.7,1,0,0,0,0
553,New reading material available,announcement,0,0,0,0.9,0,0,0,0,0
554,Feedback available for Assignment 2,grade_posted,0,0,1,0.3,0,0,0,1,0
555,Career fair on campus,event,0,0,0,1.0,0,0,0,1,0
556,Midterm grades are now available,grade_posted,0,0,1,0.4,0,0,0,1,0
557,Club meeting on Friday,event,0,0,0,0.2,1,0,0,0,0
558,Feedback available for Assignment 3,grade_posted,0,0,1,0.4,0,0,0,1,0
559,Guest lecture: AI in Education,event,0,0,0,0.5,0,0,0,1,0
560,Submit Assignment 6 by midnight,assignment_due,1,12,1,2.0,1,0,1,1,0
561,Class cancelled this Friday,announcement,0,0,0,0.1,0,0,0,1,1
562,New reading material available,announcement,0,0,0,1.0,0,0,0,0,0
563,Club meeting on Friday,event,0,0,0,0.0,0,0,0,0,0
564,Quiz 4 opens tomorrow,quiz_due,1,11,1,3.6,1,0,0,1,1
565,New reading material available,announcement,0,0,1,0.7,0,0,0,0,1
566,Final Project 7 deadline approaching,assignment_due,1,7,1,1.8,1,0,0,1,0
567,Homework 5 due tonight,assignment_due,1,6,1,1.5,1,1,1,1,0
568,Submit Assignment 9 by midnight,assignment_due,1,11,1,1.8,1,0,1,1,0
569,Class cancelled this Friday,announcement,0,0,0,0.5,0,0,0,1,0
570,Club meeting on Friday,event,0,0,1,0.8,0,0,0,0,0
571,Take Quiz 2 now,quiz_due,1,12,1,3.6,1,0,0,0,0
572,Important announcement regarding exam,announcement,0,0,1,0.9,0,1,0,0,0
573,Updated syllabus posted,announcement,0,0,1,0.9,0,0,0,1,0
574,Quiz 6 closing soon,quiz_due,1,5,0,2.5,1,0,0,1,0
575,Final Project 7 deadline approaching,assignment_due,1,6,1,4.2,1,0,0,0,0
576,Quiz 2 opens tomorrow,quiz_due,1,2,0,4.6,1,0,0,1,1
577,Midterm grades are now available,grade_posted,0,0,1,0.4,0,0,0,1,0
578,Quiz 8 closing soon,quiz_due,1,14,1,2.0,1,0,0,1,0
579,Final grades have been uploaded,grade_posted,0,0,1,0.5,0,0,0,1,0
580,Final grades have been uploaded,grade_posted,0,0,1,0.3,0,0,0,1,0
581,Class cancelled this Friday,announcement,0,0,0,0.1,0,0,0,0,0
582,Quiz 9 closing soon,quiz_due,1,13,1,3.0,1,0,0,1,0
583,New reading material available,announcement,0,0,0,0.2,0,0,0,0,0
584,Your grade for Homework 8 has been posted,grade_posted,0,0,1,0.2,0,0,0,1,0
585,Study session this weekend,event,0,0,0,0.8,1,0,1,0,0
586,Final grades have been uploaded,grade_posted,0,0,1,0.3,0,0,0,1,0
587,Updated syllabus posted,announcement,0,0,0,0.8,0,0,0,1,0
588,Updated syllabus posted,announcement,0,0,1,0.4,0,0,0,1,0
589,New reading material available,announcement,0,0,0,0.5,0,0,0,0,0
590,Career fair on campus,event,0,0,0,0.4,0,0,0,0,0
591,Quiz 6 closing soon,quiz_due,1,1,1,1.5,1,0,0,1,1
592,Workshop: Time Management,event,0,0,0,0.0,0,0,0,0,0
593,Final grades have been uploaded,grade_posted,0,0,1,0.5,0,0,0,1,0
594,Quiz 3 closing soon,quiz_due,1,1,1,4.5,1,0,0,1,1
595,Quiz 4 grade released,grade_posted,0,0,1,0.2,0,0,0,1,0
596,Take Quiz 3 now,quiz_due,1,6,1,3.8,1,0,0,1,0
597,Midterm grades are now available,grade_posted,0,0,1,0.4,0,0,0,1,0
598,Take Quiz 3 now,quiz_due,1,8,1,2.4,1,0,0,1,0
599,Final grades have been uploaded,grade_posted,0,0,1,0.4,0,0,0,1,0
600,Your grade for Homework 2 has been posted,grade_posted,0,0,1,0.0,0,0,0,1,1
601,Office hours reminder,announcement,0,0,0,0.8,0,1,0,1,1
602,Updated syllabus posted,announcement,0,0,0,0.2,0,0,0,0,0
603,Workshop: Time Management,event,0,0,0,0.7,0,0,0,1,0
604,Career fair on campus,event,0,0,0,0.2,1,0,0,0,0
605,Career fair on campus,event,0,0,0,0.8,0,0,0,0,0
606,Class cancelled this Friday,announcement,0,0,0,0.7,1,0,0,0,0
607,Submit Assignment 7 by midnight,assignment_due,1,4,1,1.0,1,0,1,0,0
608,Reminder: Weekly Quiz 1 due in 2 days,quiz_due,1,2,1,4.4,1,1,0,1,1
609,Quiz 9 grade released,grade_posted,0,0,1,0.4,0,0,0,1,0
610,Take Quiz 9 now,quiz_due,1,1,1,2.4,1,0,0,1,1
611,Office hours reminder,announcement,0,0,0,0.5,0,1,0,0,0
612,Reminder: Lab 2 due in 10 days,assignment_due,1,10,1,3.5,0,1,0,1,0
613,Updated syllabus posted,announcement,0,0,0,0.9,0,0,0,1,0
614,New reading material available,announcement,0,0,0,0.2,1,0,0,0,0
615,Submit Assignment 3 by midnight,assignment_due,1,12,1,3.5,1,0,1,1,0
616,Club meeting on Friday,event,0,0,0,0.8,0,0,0,0,0
617,Final Project 3 deadline approaching,assignment_due,1,0,1,1.7,1,0,0,1,1
618,Assignment 10 submission closing soon,assignment_due,1,13,0,2.6,1,0,0,1,0
619,Workshop: Time Management,event,0,0,1,0.7,0,0,0,1,1
620,Submit Assignment 6 by midnight,assignment_due,1,14,1,1.3,1,0,1,1,0
621,Guest lecture: AI in Education,event,0,0,0,0.2,1,0,0,1,0
622,Midterm grades are now available,grade_posted,0,0,1,0.4,0,0,0,1,0
623,New reading material available,announcement,0,0,0,0.6,0,0,0,1,0
624,Quiz 2 grade released,grade_posted,0,0,1,0.4,0,0,0,1,0
625,Take Quiz 7 now,quiz_due,1,14,1,2.0,1,0,0,1,0
626,Final grades have been uploaded,grade_posted,0,0,1,0.3,0,0,0,1,0
627,Assignment 5 submission closing soon,assignment_due,1,1,1,1.5,1,0,0,1,1
628,Homework 5 due tonight,assignment_due,1,9,0,3.5,1,1,1,1,0
629,Final grades have been uploaded,grade_posted,0,0,1,0.4,0,0,0,1,0
630,Important: Quiz 1 due tonight,quiz_due,1,5,1,2.1,1,1,1,1,0
631,Important announcement regarding exam,announcement,0,0,0,0.1,0,1,0,0,0
632,Assignment 5 submission closing soon,assignment_due,1,13,1,3.5,1,0,0,1,0
633,Homework 9 due tonight,assignment_due,1,10,1,1.9,1,1,1,1,1
634,New reading material available,announcement,0,0,0,0.2,0,0,0,1,0
635,Important announcement regarding exam,announcement,0,0,0,0.0,1,1,0,1,1
636,Final grades have been uploaded,grade_posted,0,0,1,0.1,0,0,0,1,0
637,Feedback available for Assignment 3,grade_posted,0,0,1,0.0,0,0,0,0,0
638,Reminder: Weekly Quiz 2 due in 4 days,quiz_due,1,4,1,4.2,1,1,0,1,0
639,Study session this weekend,event,0,0,0,0.5,0,0,1,0,0
640,New reading material available,announcement,0,0,0,0.6,0,0,0,1,0
641,Final Project 9 deadline approaching,assignment_due,1,4,0,4.3,1,0,0,1,0
642,Study session this weekend,event,0,0,0,0.1,0,0,1,1,0
643,Important: Quiz 3 due tonight,quiz_due,1,2,1,1.9,1,1,1,1,1
644,Final Project 8 deadline approaching,assignment_due,1,10,1,2.6,1,0,0,1,0
645,Important: Quiz 10 due tonight,quiz_due,1,9,1,1.6,1,1,1,0,0
646,Take Quiz 9 now,quiz_due,1,6,0,3.9,1,0,0,0,0
647,Submit Assignment 4 by midnight,assignment_due,1,7,0,4.3,1,0,1,1,0
648,Final grades have been uploaded,grade_posted,0,0,1,0.1,0,0,0,1,0
649,New reading material available,announcement,0,0,0,0.1,0,0,0,1,0
650,Midterm grades are now available,grade_posted,0,0,1,0.1,0,0,0,1,0
651,Final grades have been uploaded,grade_posted,0,0,1,0.1,0,0,0,1,0
652,Quiz 10 opens tomorrow,quiz_due,1,8,1,3.1,1,0,0,1,0
653,Assignment 9 submission closing soon,assignment_due,1,6,0,2.4,1,0,0,1,0
654,Feedback available for Assignment 2,grade_posted,0,0,1,0.2,0,0,0,1,0
655,Submit Assignment 5 by midnight,assignment_due,1,9,1,4.2,1,0,1,1,0
656,Final Project 9 deadline approaching,assignment_due,1,0,1,2.4,1,0,0,1,1
657,Quiz 5 grade released,grade_posted,0,0,1,0.2,0,0,0,1,0
658,Class cancelled this Friday,announcement,0,0,0,0.4,0,0,0,0,0
659,New reading material available,announcement,0,0,0,0.9,0,0,0,0,0
660,Important: Quiz 8 due tonight,quiz_due,1,12,1,4.2,1,1,1,1,0
661,Homework 3 due tonight,assignment_due,1,6,1,3.4,1,1,1,1,0
662,Office hours reminder,announcement,0,0,1,1.0,1,1,0,1,0
663,Midterm grades are now available,grade_posted,0,0,1,0.2,0,0,0,1,0
664,Midterm grades are now available,grade_posted,0,0,1,0.3,0,0,0,1,0
665,Quiz 10 opens tomorrow,quiz_due,1,2,1,1.3,1,0,0,0,1
666,Guest lecture: AI in Education,event,0,0,0,0.7,0,0,0,1,0
667,Final grades have been uploaded,grade_posted,0,0,1,0.2,0,0,0,0,0
668,New reading material available,announcement,0,0,0,0.0,0,0,0,0,0
669,Final grades have been uploaded,grade_posted,0,0,1,0.1,0,0,0,1,0
670,Final grades have been uploaded,grade_posted,0,0,1,0.3,0,0,0,1,0
671,Guest lecture: AI in Education,event,0,0,0,0.5,0,0,0,0,0
672,Feedback available for Assignment 1,grade_posted,0,0,1,0.0,0,0,0,1,0
673,Reminder: Weekly Quiz 4 due in 12 days,quiz_due,1,12,1,3.8,1,1,0,1,0
674,Important announcement regarding exam,announcement,0,0,0,0.9,0,1,0,1,0
675,Midterm grades are now available,grade_posted,0,0,1,0.3,0,0,0,0,0
676,Club meeting on Friday,event,0,0,0,0.2,0,0,0,1,0
677,Midterm grades are now available,grade_posted,0,0,1,0.1,0,0,0,1,1
678,Study session this weekend,event,0,0,0,0.5,0,0,1,1,0
679,Career fair on campus,event,0,0,0,0.3,0,0,0,0,0
680,Your grade for Homework 3 has been posted,grade_posted,0,0,1,0.2,0,0,0,1,0
681,Final Project 9 deadline approaching,assignment_due,1,5,1,1.5,1,0,0,1,0
682,Updated syllabus posted,announcement,0,0,0,0.4,0,0,0,1,0
683,Important: Quiz 9 due tonight,quiz_due,1,4,1,1.7,0,1,1,1,0
684,Career fair on campus,event,0,0,0,0.1,0,0,0,1,0
685,Reminder: Weekly Quiz 2 due in 11 days,quiz_due,1,11,1,1.8,1,1,0,0,0
686,Quiz 8 opens tomorrow,quiz_due,1,12,1,4.4,1,0,0,0,0
687,Office hours reminder,announcement,0,0,0,0.1,0,1,0,1,1
688,Updated syllabus posted,announcement,0,0,0,0.6,0,0,0,1,0
689,Updated syllabus posted,announcement,0,0,0,0.6,0,0,0,0,0
690,Quiz 3 grade released,grade_posted,0,0,1,0.3,0,0,0,1,0
691,Guest lecture: AI in Education,event,0,0,0,0.9,0,0,0,0,0
692,New reading material available,announcement,0,0,0,0.2,0,0,0,1,0
693,Office hours reminder,announcement,0,0,0,0.8,0,1,0,0,0
694,Feedback available for Assignment 9,grade_posted,0,0,1,0.1,0,0,0,1,1
695,Quiz 5 opens tomorrow,quiz_due,1,11,1,4.7,1,0,0,1,0
696,Final Project 1 deadline approaching,assignment_due,1,12,1,3.5,0,0,0,1,0
697,Club meeting on Friday,event,0,0,0,0.1,0,0,0,0,0
698,Reminder: Lab 1 due in 10 days,assignment_due,1,10,1,4.9,1,1,0,1,0
699,Important announcement regarding exam,announcement,0,0,0,0.6,0,1,0,0,0
700,Final grades have been uploaded,grade_posted,0,0,1,0.3,0,0,0,1,0
701,Club meeting on Friday,event,0,0,0,0.3,0,0,0,1,0
702,Assignment 9 submission closing soon,assignment_due,1,13,1,4.7,1,0,0,1,0
703,Study session this weekend,event,0,0,0,0.8,0,0,1,0,0
704,Take Quiz 7 now,quiz_due,1,14,1,3.6,1,0,0,1,0
705,Quiz 5 closing soon,quiz_due,1,1,1,3.5,1,0,0,1,1
706,New reading material available,announcement,0,0,0,0.2,0,0,0,0,0
707,Guest lecture: AI in Education,event,0,0,0,0.0,0,0,0,1,1
708,Midterm grades are now available,grade_posted,0,0,1,0.1,0,0,0,0,0
709,Club meeting on Friday,event,0,0,1,0.4,1,0,0,1,0
710,Guest lecture: AI in Education,event,0,0,0,0.8,1,0,0,1,0
711,Updated syllabus posted,announcement,0,0,0,0.3,0,0,0,0,0
712,Assignment 2 submission closing soon,assignment_due,1,12,1,5.0,0,0,0,1,0
713,Assignment 9 submission closing soon,assignment_due,1,10,1,2.3,1,0,0,1,0
714,Homework 9 due tonight,assignment_due,1,8,1,4.6,1,1,1,1,0
715,Quiz 2 closing soon,quiz_due,1,3,1,1.5,1,0,0,1,0
716,Final Project 1 deadline approaching,assignment_due,1,9,1,2.0,1,0,0,1,0
717,Your grade for Homework 6 has been posted,grade_posted,0,0,1,0.3,0,0,0,1,0
718,Assignment 3 submission closing soon,assignment_due,1,7,1,2.4,1,0,0,1,0
719,Quiz 1 closing soon,quiz_due,1,11,1,2.9,1,0,0,0,0
720,Important announcement regarding exam,announcement,0,0,0,0.7,0,1,0,1,1
721,Your grade for Homework 3 has been posted,grade_posted,0,0,1,0.2,0,0,0,1,0
722,Feedback available for Assignment 6,grade_posted,0,0,1,0.3,0,0,0,1,0
723,Reminder: Weekly Quiz 1 due in 9 days,quiz_due,1,9,1,3.6,1,1,0,1,0
724,Workshop: Time Management,event,0,0,0,0.3,0,0,0,1,0
725,Updated syllabus posted,announcement,0,0,0,0.1,1,0,0,0,0
726,Important: Quiz 2 due tonight,quiz_due,1,7,1,3.6,1,1,1,0,0
727,Your grade for Homework 5 has been posted,grade_posted,0,0,1,0.3,0,0,0,1,1
728,Quiz 8 opens tomorrow,quiz_due,1,14,1,4.0,1,0,0,1,0
729,New reading material available,announcement,0,0,0,0.3,1,0,0,1,0
730,Your grade for Homework 2 has been posted,grade_posted,0,0,1,0.3,0,0,0,1,0
731,Final grades have been uploaded,grade_posted,0,0,1,0.1,0,0,0,1,0
732,Workshop: Time Management,event,0,0,0,0.9,0,0,0,0,0
733,Take Quiz 9 now,quiz_due,1,6,1,2.8,1,0,0,0,0
734,Office hours reminder,announcement,0,0,0,0.8,0,1,0,0,0
735,Important: Quiz 10 due tonight,quiz_due,1,8,1,2.4,1,1,1,1,0
736,Study session this weekend,event,0,0,0,1.0,0,0,1,0,0
737,Class cancelled this Friday,announcement,0,0,0,0.7,1,0,0,0,0
738,Final grades have been uploaded,grade_posted,0,0,1,0.3,0,0,0,1,0
739,Club meeting on Friday,event,0,0,0,0.2,0,0,0,0,0
740,Submit Assignment 10 by midnight,assignment_due,1,6,0,4.2,1,0,1,1,0
741,Final grades have been uploaded,grade_posted,0,0,1,0.0,0,0,0,1,0
742,Study session this weekend,event,0,0,0,0.4,0,0,1,0,0
743,Submit Assignment 4 by midnight,assignment_due,1,11,0,1.2,1,0,1,1,0
744,New reading material available,announcement,0,0,0,0.1,0,0,0,1,0
745,Workshop: Time Management,event,0,0,0,0.8,1,0,0,0,0
746,Important announcement regarding exam,announcement,0,0,0,0.1,1,1,0,1,0
747,Take Quiz 3 now,quiz_due,1,7,1,3.2,1,0,0,1,0
748,Midterm grades are now available,grade_posted,0,0,1,0.4,0,0,0,1,0
749,Your grade for Homework 2 has been posted,grade_posted,0,0,1,0.2,0,0,0,1,0
750,New reading material available,announcement,0,0,0,0.3,0,0,0,1,0
751,Club meeting on Friday,event,0,0,0,0.7,0,0,0,1,0
752,Homework 2 due tonight,assignment_due,1,11,1,4.3,1,1,1,1,0
753,Office hours reminder,announcement,0,0,0,0.5,1,1,0,1,1
754,Important announcement regarding exam,announcement,0,0,0,0.7,0,1,0,0,0
755,Quiz 1 grade released,grade_posted,0,0,1,0.1,0,0,0,1,0
756,Your grade for Homework 5 has been posted,grade_posted,0,0,1,0.5,0,0,0,1,1
757,Updated syllabus posted,announcement,0,0,1,0.2,0,0,0,0,0
758,Submit Assignment 6 by midnight,assignment_due,1,7,1,2.8,1,0,1,1,0
759,Submit Assignment 1 by midnight,assignment_due,1,3,1,1.1,1,0,1,1,0
760,Class cancelled this Friday,announcement,0,0,0,0.1,0,0,0,1,0
761,Workshop: Time Management,event,0,0,0,0.4,0,0,0,1,0
762,Workshop: Time Management,event,0,0,0,0.6,0,0,0,0,0
763,Office hours reminder,announcement,0,0,0,0.6,0,1,0,0,0
764,Take Quiz 3 now,quiz_due,1,4,0,4.1,1,0,0,0,0
765,Quiz 3 grade released,grade_posted,0,0,1,0.3,0,0,0,1,0
766,Important: Quiz 6 due tonight,quiz_due,1,13,1,2.7,1,1,1,0,0
767,Club meeting on Friday,event,0,0,0,0.8,0,0,0,1,0
768,New reading material available,announcement,0,0,0,0.0,0,0,0,1,1
769,Workshop: Time Management,event,0,0,0,0.2,0,0,0,0,0
770,Club meeting on Friday,event,0,0,0,0.0,1,0,0,0,0
771,Club meeting on Friday,event,0,0,0,1.0,1,0,0,0,0
772,Guest lecture: AI in Education,event,0,0,0,0.6,0,0,0,0,0
773,New reading material available,announcement,0,0,0,0.6,0,0,0,0,0
774,Final Project 9 deadline approaching,assignment_due,1,1,1,2.0,1,0,0,0,1
775,Submit Assignment 9 by midnight,assignment_due,1,6,1,2.8,0,0,1,1,0
776,Class cancelled this Friday,announcement,0,0,0,0.5,0,0,0,1,0
777,Workshop: Time Management,event,0,0,0,0.7,0,0,0,0,0
778,Guest lecture: AI in Education,event,0,0,1,0.9,0,0,0,0,0
779,Assignment 5 submission closing soon,assignment_due,1,5,1,2.8,1,0,0,1,0
780,Final grades have been uploaded,grade_posted,0,0,1,0.1,0,0,0,1,0
781,Reminder: Lab 3 due in 14 days,assignment_due,1,14,1,4.5,1,1,0,1,0
782,Reminder: Lab 7 due in 4 days,assignment_due,1,4,1,1.7,0,1,0,1,0
783,Reminder: Weekly Quiz 1 due in 9 days,quiz_due,1,9,1,4.2,1,1,0,1,0
784,Club meeting on Friday,event,0,0,0,0.1,0,0,0,0,0
785,Take Quiz 9 now,quiz_due,1,4,1,1.7,1,0,0,1,1
786,Class cancelled this Friday,announcement,0,0,0,0.3,0,0,0,0,0
787,Assignment 2 submission closing soon,assignment_due,1,6,1,3.8,1,0,0,1,0
788,Feedback available for Assignment 3,grade_posted,0,0,1,0.2,0,0,0,1,1
789,Office hours reminder,announcement,0,0,0,0.8,0,1,0,0,1
790,Study session this weekend,event,0,0,0,0.5,0,0,1,0,0
791,Your grade for Homework 1 has been posted,grade_posted,0,0,1,0.5,0,0,0,1,0
792,Submit Assignment 8 by midnight,assignment_due,1,11,0,3.4,0,0,1,1,0
793,Final grades have been uploaded,grade_posted,0,0,1,0.1,0,0,0,1,0
794,Feedback available for Assignment 8,grade_posted,0,0,1,0.4,0,0,0,1,0
795,Updated syllabus posted,announcement,0,0,0,0.7,0,0,0,0,0
796,Feedback available for Assignment 7,grade_posted,0,0,1,0.2,0,0,0,1,0
797,Important: Quiz 1 due tonight,quiz_due,1,10,1,2.2,1,1,1,1,0
798,Reminder: Lab 2 due in 10 days,assignment_due,1,10,1,1.1,1,1,0,1,0
799,Important announcement regarding exam,announcement,0,0,0,0.5,0,1,0,0,0
800,Feedback available for Assignment 6,grade_posted,0,0,1,0.2,0,0,0,1,0
801,Final grades have been uploaded,grade_posted,0,0,1,0.2,0,0,0,1,0
802,Reminder: Weekly Quiz 10 due in 10 days,quiz_due,1,10,1,4.9,1,1,0,1,0
803,Submit Assignment 6 by midnight,assignment_due,1,6,1,3.4,1,0,1,1,0
804,Updated syllabus posted,announcement,0,0,0,0.4,1,0,0,0,0
805,New reading material available,announcement,0,0,0,0.8,0,0,0,0,0
806,Study session this weekend,event,0,0,0,0.3,0,0,1,1,0
807,Quiz 5 grade released,grade_posted,0,0,1,0.4,0,0,0,1,0
808,Midterm grades are now available,grade_posted,0,0,1,0.2,0,0,0,1,0
809,Your grade for Homework 2 has been posted,grade_posted,0,0,1,0.0,0,0,0,1,0
810,Homework 6 due tonight,assignment_due,1,7,1,1.1,1,1,1,1,0
811,Important: Quiz 6 due tonight,quiz_due,1,3,1,3.7,1,1,1,1,1
812,Quiz 5 opens tomorrow,quiz_due,1,1,0,3.2,1,0,0,1,1
813,Office hours reminder,announcement,0,0,0,0.9,0,1,0,1,1
814,Homework 8 due tonight,assignment_due,1,14,1,1.7,1,1,1,1,0
815,Final grades have been uploaded,grade_posted,0,0,1,0.2,0,0,0,1,0
816,Feedback available for Assignment 2,grade_posted,0,0,1,0.0,0,0,0,1,0
817,Guest lecture: AI in Education,event,0,0,0,0.5,0,0,0,0,0
818,Reminder: Weekly Quiz 10 due in 4 days,quiz_due,1,4,1,4.2,1,1,0,1,0
819,Study session this weekend,event,0,0,1,0.8,0,0,1,0,0
820,New reading material available,announcement,0,0,0,0.8,0,0,0,0,0
821,Final Project 5 deadline approaching,assignment_due,1,8,1,3.2,1,0,0,1,0
822,Career fair on campus,event,0,0,0,1.0,0,0,0,0,0
823,Class cancelled this Friday,announcement,0,0,0,0.7,0,0,0,0,0
824,Final Project 10 deadline approaching,assignment_due,1,9,1,2.2,1,0,0,1,0
825,Final grades have been uploaded,grade_posted,0,0,1,0.2,0,0,0,1,0
826,Assignment 2 submission closing soon,assignment_due,1,3,1,1.0,0,0,0,1,0
827,Reminder: Weekly Quiz 8 due in 8 days,quiz_due,1,8,1,3.7,1,1,0,1,0
828,Feedback available for Assignment 5,grade_posted,0,0,1,0.5,0,0,0,1,0
829,Final grades have been uploaded,grade_posted,0,0,1,0.2,0,0,0,0,0
830,Office hours reminder,announcement,0,0,0,0.6,0,1,0,1,0
831,Class cancelled this Friday,announcement,0,0,0,0.7,0,0,0,0,0
832,Club meeting on Friday,event,0,0,0,0.4,0,0,0,1,0
833,Career fair on campus,event,0,0,0,0.1,0,0,0,1,1
834,Club meeting on Friday,event,0,0,1,0.5,0,0,0,0,0
835,Final grades have been uploaded,grade_posted,0,0,1,0.3,0,0,0,1,0
836,Career fair on campus,event,0,0,0,0.5,0,0,0,1,0
837,Feedback available for Assignment 5,grade_posted,0,0,1,0.3,0,0,0,0,1
838,Reminder: Lab 10 due in 7 days,assignment_due,1,7,1,1.6,1,1,0,1,0
839,New reading material available,announcement,0,0,1,0.5,0,0,0,1,0
840,Submit Assignment 9 by midnight,assignment_due,1,12,1,4.1,1,0,1,1,0
841,Final grades have been uploaded,grade_posted,0,0,1,0.2,0,0,0,1,0
842,Class cancelled this Friday,announcement,0,0,1,0.7,0,0,0,0,0
843,Assignment 8 submission closing soon,assignment_due,1,9,1,3.9,1,0,0,1,1
844,Club meeting on Friday,event,0,0,0,0.1,0,0,0,1,0
845,Updated syllabus posted,announcement,0,0,0,0.7,0,0,0,0,0
846,Important: Quiz 5 due tonight,quiz_due,1,12,1,2.4,1,1,1,0,0
847,Important: Quiz 10 due tonight,quiz_due,1,14,1,2.5,1,1,1,1,0
848,Reminder: Weekly Quiz 4 due in 9 days,quiz_due,1,9,1,1.2,1,1,0,0,0
849,Guest lecture: AI in Education,event,0,0,0,0.4,0,0,0,0,0
850,Club meeting on Friday,event,0,0,0,0.8,0,0,0,1,0
851,Updated syllabus posted,announcement,0,0,1,0.8,0,0,0,1,0
852,Office hours reminder,announcement,0,0,0,0.4,1,1,0,0,0
853,Important: Quiz 10 due tonight,quiz_due,1,12,1,2.3,1,1,1,0,1
854,Final Project 2 deadline approaching,assignment_due,1,0,1,1.9,1,0,0,1,1
855,Take Quiz 1 now,quiz_due,1,0,1,4.3,0,0,0,1,1
856,Submit Assignment 2 by midnight,assignment_due,1,1,1,3.3,1,0,1,0,1
857,Reminder: Lab 3 due in 4 days,assignment_due,1,4,1,4.7,0,1,0,1,0
858,Career fair on campus,event,0,0,0,0.4,1,0,0,0,0
859,Reminder: Lab 5 due in 13 days,assignment_due,1,13,1,1.8,1,1,0,0,0
860,Club meeting on Friday,event,0,0,0,0.1,0,0,0,0,0
861,Updated syllabus posted,announcement,0,0,1,0.4,0,0,0,1,0
862,Quiz 1 opens tomorrow,quiz_due,1,14,1,4.6,1,0,0,1,0
863,Feedback available for Assignment 8,grade_posted,0,0,1,0.4,0,0,0,1,0
864,Homework 9 due tonight,assignment_due,1,3,1,1.5,1,1,1,1,1
865,Office hours reminder,announcement,0,0,0,0.1,0,1,0,0,0
866,Important announcement regarding exam,announcement,0,0,0,0.6,0,1,0,1,0
867,Updated syllabus posted,announcement,0,0,0,0.6,0,0,0,1,0
868,Quiz 1 opens tomorrow,quiz_due,1,3,1,1.3,1,0,0,1,0
869,New reading material available,announcement,0,0,0,0.0,0,0,0,0,0
870,Important announcement regarding exam,announcement,0,0,0,0.5,0,1,0,0,0
871,Final grades have been uploaded,grade_posted,0,0,1,0.0,0,0,0,1,0
872,Guest lecture: AI in Education,event,0,0,0,0.6,0,0,0,1,1
873,Homework 5 due tonight,assignment_due,1,13,1,4.3,1,1,1,1,0
874,Workshop: Time Management,event,0,0,0,0.8,0,0,0,0,0
875,Study session this weekend,event,0,0,0,0.8,0,0,1,1,0
876,Reminder: Lab 10 due in 2 days,assignment_due,1,2,1,1.7,1,1,0,1,1
877,Take Quiz 8 now,quiz_due,1,3,1,3.4,1,0,0,0,0
878,Homework 8 due tonight,assignment_due,1,1,1,3.4,0,1,1,1,1
879,Club meeting on Friday,event,0,0,0,0.2,0,0,0,0,0
880,Final Project 10 deadline approaching,assignment_due,1,2,1,2.2,1,0,0,0,1
881,Midterm grades are now available,grade_posted,0,0,1,0.3,0,0,0,1,0
882,New reading material available,announcement,0,0,0,0.3,0,0,0,0,0
883,Important: Quiz 8 due tonight,quiz_due,1,7,1,2.5,0,1,1,1,0
884,New reading material available,announcement,0,0,0,0.7,0,0,0,1,0
885,Quiz 3 opens tomorrow,quiz_due,1,12,1,3.9,1,0,0,0,0
886,Class cancelled this Friday,announcement,0,0,0,0.1,0,0,0,1,0
887,Important: Quiz 7 due tonight,quiz_due,1,13,1,2.9,1,1,1,1,0
888,Take Quiz 4 now,quiz_due,1,14,1,3.9,1,0,0,1,0
889,Office hours reminder,announcement,0,0,0,0.1,0,1,0,1,0
890,Reminder: Weekly Quiz 6 due in 3 days,quiz_due,1,3,1,3.4,1,1,0,1,1
891,Your grade for Homework 4 has been posted,grade_posted,0,0,1,0.3,0,0,0,1,0
892,Quiz 10 closing soon,quiz_due,1,7,1,2.0,1,0,0,1,0
893,Final grades have been uploaded,grade_posted,0,0,1,0.5,0,0,0,0,0
894,Study session this weekend,event,0,0,0,0.4,0,0,1,0,0
895,Assignment 8 submission closing soon,assignment_due,1,7,1,2.6,1,0,0,1,0
896,Class cancelled this Friday,announcement,0,0,0,0.3,1,0,0,0,0
897,Your grade for Homework 10 has been posted,grade_posted,0,0,1,0.2,0,0,0,0,0
898,Career fair on campus,event,0,0,0,0.6,0,0,0,1,0
899,Updated syllabus posted,announcement,0,0,0,0.6,0,0,0,0,0
900,Reminder: Weekly Quiz 2 due in 9 days,quiz_due,1,9,1,3.7,1,1,0,0,0
901,Final Project 7 deadline approaching,assignment_due,1,5,1,3.2,1,0,0,1,1
902,Important: Quiz 3 due tonight,quiz_due,1,5,1,4.0,1,1,1,1,0
903,Reminder: Weekly Quiz 4 due in 5 days,quiz_due,1,5,1,1.2,1,1,0,1,0
904,Workshop: Time Management,event,0,0,0,0.7,0,0,0,0,0
905,New reading material available,announcement,0,0,0,1.0,0,0,0,0,0
906,Quiz 8 opens tomorrow,quiz_due,1,1,1,1.3,1,0,0,0,1
907,Assignment 3 submission closing soon,assignment_due,1,7,1,2.2,1,0,0,1,0
908,Feedback available for Assignment 3,grade_posted,0,0,1,0.2,0,0,0,1,0
909,Updated syllabus posted,announcement,0,0,1,0.5,0,0,0,0,0
910,Quiz 6 grade released,grade_posted,0,0,1,0.3,0,0,0,1,0
911,Feedback available for Assignment 8,grade_posted,0,0,1,0.1,0,0,0,1,0
912,Quiz 5 closing soon,quiz_due,1,3,1,1.6,1,0,0,0,0
913,Important: Quiz 10 due tonight,quiz_due,1,14,1,4.4,1,1,1,0,0
914,Quiz 3 opens tomorrow,quiz_due,1,3,1,2.0,1,0,0,1,0
915,Quiz 1 grade released,grade_posted,0,0,1,0.1,0,0,0,0,0
916,Quiz 9 opens tomorrow,quiz_due,1,4,0,1.6,1,0,0,1,0
917,Updated syllabus posted,announcement,0,0,0,0.6,0,0,0,0,0
918,Class cancelled this Friday,announcement,0,0,0,0.3,0,0,0,0,0
919,Club meeting on Friday,event,0,0,0,0.6,0,0,0,1,0
920,Office hours reminder,announcement,0,0,1,0.2,0,1,0,0,0
921,Updated syllabus posted,announcement,0,0,1,1.0,0,0,0,0,0
922,Guest lecture: AI in Education,event,0,0,0,0.9,0,0,0,0,0
923,Quiz 7 closing soon,quiz_due,1,5,1,4.9,1,0,0,1,0
924,Final Project 4 deadline approaching,assignment_due,1,11,1,1.7,1,0,0,1,0
925,Club meeting on Friday,event,0,0,0,0.3,0,0,0,1,0
926,Your grade for Homework 6 has been posted,grade_posted,0,0,1,0.3,0,0,0,0,0
927,Reminder: Lab 7 due in 10 days,assignment_due,1,10,1,4.0,1,1,0,1,0
928,Take Quiz 7 now,quiz_due,1,4,1,3.3,1,0,0,1,0
929,Study session this weekend,event,0,0,0,0.6,0,0,1,1,0
930,Assignment 5 submission closing soon,assignment_due,1,6,1,1.5,1,0,0,1,0
931,Reminder: Lab 10 due in 11 days,assignment_due,1,11,1,3.5,1,1,0,0,0
932,Submit Assignment 6 by midnight,assignment_due,1,8,1,1.6,1,0,1,1,0
933,Quiz 6 opens tomorrow,quiz_due,1,2,1,2.4,1,0,0,0,1
934,Final grades have been uploaded,grade_posted,0,0,1,0.3,0,0,0,1,0
935,Final grades have been uploaded,grade_posted,0,0,1,0.2,0,0,0,1,0
936,Office hours reminder,announcement,0,0,1,0.0,0,1,0,0,0
937,Important announcement regarding exam,announcement,0,0,0,0.2,0,1,0,1,1
938,Final grades have been uploaded,grade_posted,0,0,1,0.4,0,0,0,1,0
939,Homework 7 due tonight,assignment_due,1,7,1,2.4,1,1,1,1,0
940,Take Quiz 8 now,quiz_due,1,14,1,2.2,0,0,0,1,0
941,Assignment 4 submission closing soon,assignment_due,1,2,1,4.9,1,0,0,1,1
942,Final Project 2 deadline approaching,assignment_due,1,0,1,4.2,1,0,0,1,1
943,Reminder: Lab 8 due in 1 days,assignment_due,1,1,1,1.4,1,1,0,1,1
944,Final grades have been uploaded,grade_posted,0,0,1,0.1,0,0,0,0,0
945,Reminder: Lab 3 due in 13 days,assignment_due,1,13,0,3.0,1,1,0,1,0
946,Quiz 9 opens tomorrow,quiz_due,1,9,1,1.9,1,0,0,1,0
947,New reading material available,announcement,0,0,1,0.9,0,0,0,0,0
948,Workshop: Time Management,event,0,0,0,0.8,0,0,0,1,0
949,Workshop: Time Management,event,0,0,0,0.1,0,0,0,0,0
950,Reminder: Weekly Quiz 8 due in 12 days,quiz_due,1,12,1,2.3,1,1,0,1,0
951,New reading material available,announcement,0,0,0,0.2,0,0,0,0,0
952,Study session this weekend,event,0,0,0,0.4,0,0,1,0,1
953,Guest lecture: AI in Education,event,0,0,0,0.1,0,0,0,1,0
954,Midterm grades are now available,grade_posted,0,0,1,0.5,0,0,0,1,0
955,Your grade for Homework 7 has been posted,grade_posted,0,0,1,0.2,0,0,0,1,0
956,Quiz 10 grade released,grade_posted,0,0,1,0.4,0,0,0,1,0
957,New reading material available,announcement,0,0,0,0.1,0,0,0,0,0
958,Final Project 5 deadline approaching,assignment_due,1,7,1,4.0,0,0,0,1,0
959,Club meeting on Friday,event,0,0,0,0.6,0,0,0,1,0
960,Final Project 9 deadline approaching,assignment_due,1,12,1,3.0,1,0,0,1,0
961,New reading material available,announcement,0,0,1,0.9,0,0,0,0,0
962,Guest lecture: AI in Education,event,0,0,0,0.7,1,0,0,1,0
963,Important: Quiz 8 due tonight,quiz_due,1,6,1,3.3,1,1,1,1,0
964,Final grades have been uploaded,grade_posted,0,0,1,0.3,0,0,0,1,0
965,Final Project 7 deadline approaching,assignment_due,1,4,1,4.1,1,0,0,1,0
966,Homework 1 due tonight,assignment_due,1,9,1,3.3,1,1,1,0,0
967,Updated syllabus posted,announcement,0,0,0,0.1,0,0,0,0,0
968,Quiz 5 opens tomorrow,quiz_due,1,9,0,2.4,1,0,0,1,1
969,Important announcement regarding exam,announcement,0,0,0,0.4,0,1,0,0,1
970,Study session this weekend,event,0,0,0,0.6,0,0,1,1,0
971,Final Project 4 deadline approaching,assignment_due,1,5,1,3.5,1,0,0,1,0
972,Guest lecture: AI in Education,event,0,0,0,0.9,0,0,0,1,0
973,Office hours reminder,announcement,0,0,0,0.7,0,1,0,1,1
974,Reminder: Lab 10 due in 5 days,assignment_due,1,5,1,1.8,1,1,0,1,0
975,Office hours reminder,announcement,0,0,0,0.4,0,1,0,1,0
976,Your grade for Homework 3 has been posted,grade_posted,0,0,1,0.3,0,0,0,1,0
977,Guest lecture: AI in Education,event,0,0,0,0.9,0,0,0,0,0
978,Final grades have been uploaded,grade_posted,0,0,1,0.2,0,0,0,1,0
979,Important announcement regarding exam,announcement,0,0,0,0.2,0,1,0,1,0
980,Take Quiz 5 now,quiz_due,1,10,1,1.1,1,0,0,1,0
981,Important announcement regarding exam,announcement,0,0,0,0.0,0,1,0,0,0
982,Reminder: Weekly Quiz 1 due in 4 days,quiz_due,1,4,1,4.9,1,1,0,0,0
983,Homework 1 due tonight,assignment_due,1,13,1,4.8,1,1,1,1,0
984,Assignment 7 submission closing soon,assignment_due,1,13,1,1.5,1,0,0,1,0
985,Quiz 9 grade released,grade_posted,0,0,1,0.0,0,0,0,1,0
986,New reading material available,announcement,0,0,0,0.9,0,0,0,0,0
987,Reminder: Lab 3 due in 3 days,assignment_due,1,3,1,3.0,1,1,0,1,1
988,Final Project 6 deadline approaching,assignment_due,1,8,1,4.1,1,0,0,1,0
989,Career fair on campus,event,0,0,1,0.8,0,0,0,0,0
990,Submit Assignment 4 by midnight,assignment_due,1,4,1,4.6,1,0,1,1,0
991,Feedback available for Assignment 4,grade_posted,0,0,1,0.5,0,0,0,1,0
992,Updated syllabus posted,announcement,0,0,0,0.9,0,0,0,1,0
993,Guest lecture: AI in Education,event,0,0,0,0.8,0,0,0,1,0
994,Guest lecture: AI in Education,event,0,0,0,0.7,0,0,0,0,0
995,New reading material available,announcement,0,0,0,0.7,0,0,0,1,0
996,Important: Quiz 8 due tonight,quiz_due,1,12,1,3.3,1,1,1,1,0
997,Important: Quiz 9 due tonight,quiz_due,1,11,1,2.3,1,1,1,1,0
998,Take Quiz 5 now,quiz_due,1,2,1,2.7,1,0,0,1,1
999,Club meeting on Friday,event,0,0,1,0.6,1,0,0,0,0
1000,Reminder: Lab 8 due in 3 days,assignment_due,1,3,1,2.7,1,1,0,1,1
1001,Submit Assignment 6 by midnight,assignment_due,1,2,1,4.7,1,0,1,1,1
1002,Club meeting on Friday,event,0,0,0,0.8,0,0,0,0,0
1003,Club meeting on Friday,event,0,0,0,0.8,0,0,0,1,0
1004,Quiz 7 closing soon,quiz_due,1,2,1,1.9,1,0,0,0,1
1005,Quiz 6 closing soon,quiz_due,1,9,1,4.9,1,0,0,0,0
1006,Quiz 7 closing soon,quiz_due,1,11,1,1.2,1,0,0,1,0
1007,Reminder: Weekly Quiz 8 due in 14 days,quiz_due,1,14,0,3.4,0,1,0,0,0
1008,Submit Assignment 1 by midnight,assignment_due,1,4,1,2.5,1,0,1,1,0
1009,Final grades have been uploaded,grade_posted,0,0,1,0.1,0,0,0,1,0
1010,Class cancelled this Friday,announcement,0,0,1,0.3,0,0,0,0,0
1011,Reminder: Weekly Quiz 8 due in 13 days,quiz_due,1,13,1,4.5,0,1,0,1,0
1012,Office hours reminder,announcement,0,0,0,0.5,0,1,0,0,0
1013,Your grade for Homework 8 has been posted,grade_posted,0,0,1,0.0,0,0,0,1,0
1014,Club meeting on Friday,event,0,0,0,0.9,0,0,0,0,1
1015,Important announcement regarding exam,announcement,0,0,0,0.1,0,1,0,0,0
1016,Important: Quiz 5 due tonight,quiz_due,1,2,1,3.7,1,1,1,1,1
1017,Submit Assignment 9 by midnight,assignment_due,1,12,1,3.0,0,0,1,1,0
1018,Office hours reminder,announcement,0,0,0,0.6,0,1,0,1,0
1019,Quiz 1 closing soon,quiz_due,1,1,1,4.8,1,0,0,1,1
1020,Submit Assignment 6 by midnight,assignment_due,1,0,0,3.9,1,0,1,1,1
1021,Midterm grades are now available,grade_posted,0,0,1,0.4,0,0,0,1,0
1022,Submit Assignment 2 by midnight,assignment_due,1,8,1,4.9,1,0,1,1,0
1023,Assignment 1 submission closing soon,assignment_due,1,13,1,4.0,1,0,0,1,0
1024,Final Project 5 deadline approaching,assignment_due,1,7,1,3.4,0,0,0,0,0
1025,Assignment 6 submission closing soon,assignment_due,1,8,1,3.3,1,0,0,1,0
1026,Workshop: Time Management,event,0,0,0,0.5,0,0,0,1,0
1027,Quiz 3 closing soon,quiz_due,1,14,1,2.9,1,0,0,1,1
1028,Club meeting on Friday,event,0,0,0,0.2,0,0,0,1,0
1029,Final grades have been uploaded,grade_posted,0,0,1,0.0,0,0,0,1,0
1030,Study session this weekend,event,0,0,0,0.4,0,0,1,0,0
1031,Your grade for Homework 1 has been posted,grade_posted,0,0,1,0.2,0,0,0,1,0
1032,Study session this weekend,event,0,0,0,0.7,0,0,1,1,0
1033,Career fair on campus,event,0,0,0,0.2,0,0,0,0,1
1034,Your grade for Homework 5 has been posted,grade_posted,0,0,1,0.0,0,0,0,1,0
1035,Final Project 3 deadline approaching,assignment_due,1,10,1,4.0,1,0,0,1,0
1036,New reading material available,announcement,0,0,0,0.4,0,0,0,0,0
1037,Important: Quiz 3 due tonight,quiz_due,1,0,1,4.4,1,1,1,0,1
1038,Take Quiz 4 now,quiz_due,1,6,1,2.9,1,0,0,1,1
1039,Quiz 3 closing soon,quiz_due,1,11,0,3.3,1,0,0,0,0
1040,Your grade for Homework 7 has been posted,grade_posted,0,0,1,0.1,0,0,0,1,0
1041,Guest lecture: AI in Education,event,0,0,0,0.3,0,0,0,0,0
1042,Workshop: Time Management,event,0,0,0,0.9,0,0,0,0,0
1043,Final Project 9 deadline approaching,assignment_due,1,0,1,3.6,1,0,0,1,1
1044,Reminder: Lab 8 due in 9 days,assignment_due,1,9,1,3.9,1,1,0,1,0
1045,Workshop: Time Management,event,0,0,0,0.6,0,0,0,1,0
1046,Career fair on campus,event,0,0,0,0.9,0,0,0,0,0
1047,Class cancelled this Friday,announcement,0,0,0,0.7,0,0,0,0,0
1048,Quiz 3 closing soon,quiz_due,1,9,1,2.2,1,0,0,0,0
1049,Reminder: Lab 1 due in 5 days,assignment_due,1,5,1,4.6,1,1,0,0,1
1050,Homework 6 due tonight,assignment_due,1,6,1,2.0,1,1,1,1,0
1051,New reading material available,announcement,0,0,0,0.5,0,0,0,0,0
1052,Final Project 8 deadline approaching,assignment_due,1,12,0,4.1,1,0,0,0,0
1053,Submit Assignment 9 by midnight,assignment_due,1,0,1,4.6,1,0,1,0,1
1054,New reading material available,announcement,0,0,0,0.4,0,0,0,1,0
1055,Final Project 4 deadline approaching,assignment_due,1,7,1,2.9,1,0,0,0,0
1056,Reminder: Weekly Quiz 2 due in 4 days,quiz_due,1,4,1,2.0,1,1,0,1,0
1057,Midterm grades are now available,grade_posted,0,0,1,0.2,0,0,0,1,0
1058,Career fair on campus,event,0,0,0,0.7,0,0,0,0,0
1059,Reminder: Lab 2 due in 5 days,assignment_due,1,5,1,2.6,1,1,0,1,1
1060,Take Quiz 10 now,quiz_due,1,0,0,3.8,1,0,0,0,1
1061,Updated syllabus posted,announcement,0,0,0,0.1,0,0,0,0,0
1062,Take Quiz 9 now,quiz_due,1,9,1,4.1,1,0,0,0,0
1063,Quiz 5 opens tomorrow,quiz_due,1,1,1,4.5,1,0,0,1,1
1064,Midterm grades are now available,grade_posted,0,0,1,0.3,0,0,0,1,0
1065,Take Quiz 1 now,quiz_due,1,0,1,3.9,1,0,0,1,1
1066,Reminder: Lab 1 due in 13 days,assignment_due,1,13,1,4.0,1,1,0,1,0
1067,Workshop: Time Management,event,0,0,0,0.8,0,0,0,0,0
1068,Final grades have been uploaded,grade_posted,0,0,1,0.1,0,0,0,1,0
1069,Feedback available for Assignment 3,grade_posted,0,0,1,0.1,0,0,0,1,0
1070,Quiz 4 grade released,grade_posted,0,0,1,0.1,0,0,0,1,0
1071,Study session this weekend,event,0,0,1,0.4,0,0,1,0,0
1072,Final grades have been uploaded,grade_posted,0,0,1,0.4,0,0,0,1,0
1073,Feedback available for Assignment 8,grade_posted,0,0,1,0.3,0,0,0,0,0
1074,Club meeting on Friday,event,0,0,0,1.0,0,0,0,0,0
1075,Midterm grades are now available,grade_posted,0,0,1,0.0,0,0,0,1,0
1076,Your grade for Homework 6 has been posted,grade_posted,0,0,1,0.2,0,0,0,1,0
1077,Your grade for Homework 5 has been posted,grade_posted,0,0,1,0.1,0,0,0,1,0
1078,Office hours reminder,announcement,0,0,0,0.6,0,1,0,1,1
1079,Class cancelled this Friday,announcement,0,0,0,0.3,0,0,0,1,0
1080,Workshop: Time Management,event,0,0,0,0.4,0,0,0,1,0
1081,Midterm grades are now available,grade_posted,0,0,1,0.2,0,0,0,1,0
1082,Career fair on campus,event,0,0,1,0.4,0,0,0,0,0
1083,Updated syllabus posted,announcement,0,0,0,0.6,0,0,0,0,0
1084,Reminder: Lab 10 due in 10 days,assignment_due,1,10,1,1.8,1,1,0,1,0
1085,Final grades have been uploaded,grade_posted,0,0,1,0.4,0,0,0,1,0
1086,Submit Assignment 2 by midnight,assignment_due,1,10,1,2.0,1,0,1,1,0
1087,Your grade for Homework 8 has been posted,grade_posted,0,0,1,0.3,0,0,0,1,0
1088,Homework 8 due tonight,assignment_due,1,13,1,3.1,1,1,1,1,0
1089,Submit Assignment 2 by midnight,assignment_due,1,1,1,1.4,1,0,1,1,1
1090,Study session this weekend,event,0,0,0,0.1,0,0,1,1,0
1091,Important announcement regarding exam,announcement,0,0,0,0.9,0,1,0,0,1
1092,Important: Quiz 10 due tonight,quiz_due,1,9,1,1.5,1,1,1,1,1
1093,Guest lecture: AI in Education,event,0,0,1,0.9,1,0,0,0,1
1094,Your grade for Homework 10 has been posted,grade_posted,0,0,1,0.3,0,0,0,1,0
1095,Important announcement regarding exam,announcement,0,0,0,0.8,0,1,0,0,0
1096,Midterm grades are now available,grade_posted,0,0,1,0.2,0,0,0,1,0
1097,Study session this weekend,event,0,0,0,0.7,0,0,1,0,0
1098,Submit Assignment 8 by midnight,assignment_due,1,4,1,4.4,1,0,1,0,0
1099,Your grade for Homework 5 has been posted,grade_posted,0,0,1,0.3,0,0,0,1,1
1100,Homework 7 due tonight,assignment_due,1,11,1,4.5,1,1,1,0,0
